run_id,algorithm,reward_fn,seed,episode,total_steps,episode_steps,episode_reward,env_reward_sum,reached_goal,rolling_avg_10,learning_reached,wall_time
DQN_potential_based_seed456,DQN,potential_based,456,1,200,200,-198.98,-200.0,False,-200.0,False,0.348
DQN_potential_based_seed456,DQN,potential_based,456,2,400,200,-198.9228,-200.0,False,-200.0,False,0.607
DQN_potential_based_seed456,DQN,potential_based,456,3,600,200,-199.0035,-200.0,False,-200.0,False,0.904
DQN_potential_based_seed456,DQN,potential_based,456,4,800,200,-198.8629,-200.0,False,-200.0,False,1.315
DQN_potential_based_seed456,DQN,potential_based,456,5,1000,200,-198.8776,-200.0,False,-200.0,False,1.651
DQN_potential_based_seed456,DQN,potential_based,456,6,1200,200,-199.03,-200.0,False,-200.0,False,1.905
DQN_potential_based_seed456,DQN,potential_based,456,7,1400,200,-199.0568,-200.0,False,-200.0,False,2.124
DQN_potential_based_seed456,DQN,potential_based,456,8,1600,200,-198.9438,-200.0,False,-200.0,False,2.248
DQN_potential_based_seed456,DQN,potential_based,456,9,1800,200,-198.9282,-200.0,False,-200.0,False,2.396
DQN_potential_based_seed456,DQN,potential_based,456,10,2000,200,-199.0451,-200.0,False,-200.0,False,2.576
DQN_potential_based_seed456,DQN,potential_based,456,11,2200,200,-198.8056,-200.0,False,-200.0,False,2.752
DQN_potential_based_seed456,DQN,potential_based,456,12,2400,200,-198.9095,-200.0,False,-200.0,False,2.865
DQN_potential_based_seed456,DQN,potential_based,456,13,2600,200,-199.0886,-200.0,False,-200.0,False,3.019
DQN_potential_based_seed456,DQN,potential_based,456,14,2800,200,-198.9066,-200.0,False,-200.0,False,3.149
DQN_potential_based_seed456,DQN,potential_based,456,15,3000,200,-199.0271,-200.0,False,-200.0,False,3.276
DQN_potential_based_seed456,DQN,potential_based,456,16,3200,200,-198.9418,-200.0,False,-200.0,False,3.402
DQN_potential_based_seed456,DQN,potential_based,456,17,3400,200,-199.0489,-200.0,False,-200.0,False,3.536
DQN_potential_based_seed456,DQN,potential_based,456,18,3600,200,-198.881,-200.0,False,-200.0,False,3.68
DQN_potential_based_seed456,DQN,potential_based,456,19,3800,200,-199.1651,-200.0,False,-200.0,False,3.859
DQN_potential_based_seed456,DQN,potential_based,456,20,4000,200,-198.7351,-200.0,False,-200.0,False,3.974
DQN_potential_based_seed456,DQN,potential_based,456,21,4200,200,-198.9138,-200.0,False,-200.0,False,4.108
DQN_potential_based_seed456,DQN,potential_based,456,22,4400,200,-198.9601,-200.0,False,-200.0,False,4.258
DQN_potential_based_seed456,DQN,potential_based,456,23,4600,200,-198.9925,-200.0,False,-200.0,False,4.376
DQN_potential_based_seed456,DQN,potential_based,456,24,4800,200,-199.0224,-200.0,False,-200.0,False,4.494
DQN_potential_based_seed456,DQN,potential_based,456,25,5000,200,-198.8919,-200.0,False,-200.0,False,4.626
DQN_potential_based_seed456,DQN,potential_based,456,26,5200,200,-199.107,-200.0,False,-200.0,False,4.819
DQN_potential_based_seed456,DQN,potential_based,456,27,5400,200,-198.8694,-200.0,False,-200.0,False,5.091
DQN_potential_based_seed456,DQN,potential_based,456,28,5600,200,-198.7562,-200.0,False,-200.0,False,5.328
DQN_potential_based_seed456,DQN,potential_based,456,29,5800,200,-199.1083,-200.0,False,-200.0,False,5.54
DQN_potential_based_seed456,DQN,potential_based,456,30,6000,200,-198.9351,-200.0,False,-200.0,False,5.719
DQN_potential_based_seed456,DQN,potential_based,456,31,6200,200,-199.0429,-200.0,False,-200.0,False,5.942
DQN_potential_based_seed456,DQN,potential_based,456,32,6400,200,-199.1061,-200.0,False,-200.0,False,6.12
DQN_potential_based_seed456,DQN,potential_based,456,33,6600,200,-198.8276,-200.0,False,-200.0,False,6.297
DQN_potential_based_seed456,DQN,potential_based,456,34,6800,200,-198.8957,-200.0,False,-200.0,False,6.478
DQN_potential_based_seed456,DQN,potential_based,456,35,7000,200,-198.9452,-200.0,False,-200.0,False,6.649
DQN_potential_based_seed456,DQN,potential_based,456,36,7200,200,-198.9138,-200.0,False,-200.0,False,6.83
DQN_potential_based_seed456,DQN,potential_based,456,37,7400,200,-198.988,-200.0,False,-200.0,False,7.02
DQN_potential_based_seed456,DQN,potential_based,456,38,7600,200,-199.0758,-200.0,False,-200.0,False,7.196
DQN_potential_based_seed456,DQN,potential_based,456,39,7800,200,-199.2421,-200.0,False,-200.0,False,7.345
DQN_potential_based_seed456,DQN,potential_based,456,40,8000,200,-198.8542,-200.0,False,-200.0,False,7.48
DQN_potential_based_seed456,DQN,potential_based,456,41,8200,200,-199.0538,-200.0,False,-200.0,False,7.594
DQN_potential_based_seed456,DQN,potential_based,456,42,8400,200,-198.9094,-200.0,False,-200.0,False,7.72
DQN_potential_based_seed456,DQN,potential_based,456,43,8600,200,-199.1064,-200.0,False,-200.0,False,7.814
DQN_potential_based_seed456,DQN,potential_based,456,44,8800,200,-199.1479,-200.0,False,-200.0,False,7.931
DQN_potential_based_seed456,DQN,potential_based,456,45,9000,200,-198.9262,-200.0,False,-200.0,False,8.125
DQN_potential_based_seed456,DQN,potential_based,456,46,9200,200,-199.1632,-200.0,False,-200.0,False,8.301
DQN_potential_based_seed456,DQN,potential_based,456,47,9400,200,-198.9468,-200.0,False,-200.0,False,8.499
DQN_potential_based_seed456,DQN,potential_based,456,48,9600,200,-198.9266,-200.0,False,-200.0,False,8.644
DQN_potential_based_seed456,DQN,potential_based,456,49,9800,200,-198.6785,-200.0,False,-200.0,False,8.77
DQN_potential_based_seed456,DQN,potential_based,456,50,10000,200,-198.983,-200.0,False,-200.0,False,8.907
DQN_potential_based_seed456,DQN,potential_based,456,51,10200,200,-199.0577,-200.0,False,-200.0,False,9.199
DQN_potential_based_seed456,DQN,potential_based,456,52,10400,200,-198.8258,-200.0,False,-200.0,False,9.371
DQN_potential_based_seed456,DQN,potential_based,456,53,10600,200,-198.9664,-200.0,False,-200.0,False,9.538
DQN_potential_based_seed456,DQN,potential_based,456,54,10800,200,-198.8996,-200.0,False,-200.0,False,9.836
DQN_potential_based_seed456,DQN,potential_based,456,55,11000,200,-199.1691,-200.0,False,-200.0,False,10.149
DQN_potential_based_seed456,DQN,potential_based,456,56,11200,200,-199.1216,-200.0,False,-200.0,False,10.426
DQN_potential_based_seed456,DQN,potential_based,456,57,11400,200,-198.8717,-200.0,False,-200.0,False,10.585
DQN_potential_based_seed456,DQN,potential_based,456,58,11600,200,-199.0433,-200.0,False,-200.0,False,10.757
DQN_potential_based_seed456,DQN,potential_based,456,59,11800,200,-199.1007,-200.0,False,-200.0,False,10.892
DQN_potential_based_seed456,DQN,potential_based,456,60,12000,200,-198.951,-200.0,False,-200.0,False,11.001
DQN_potential_based_seed456,DQN,potential_based,456,61,12200,200,-198.88,-200.0,False,-200.0,False,11.134
DQN_potential_based_seed456,DQN,potential_based,456,62,12400,200,-199.1904,-200.0,False,-200.0,False,11.275
DQN_potential_based_seed456,DQN,potential_based,456,63,12600,200,-198.8063,-200.0,False,-200.0,False,11.387
DQN_potential_based_seed456,DQN,potential_based,456,64,12800,200,-198.8153,-200.0,False,-200.0,False,11.515
DQN_potential_based_seed456,DQN,potential_based,456,65,13000,200,-198.8306,-200.0,False,-200.0,False,11.639
DQN_potential_based_seed456,DQN,potential_based,456,66,13200,200,-199.2757,-200.0,False,-200.0,False,11.744
DQN_potential_based_seed456,DQN,potential_based,456,67,13400,200,-198.7808,-200.0,False,-200.0,False,11.873
DQN_potential_based_seed456,DQN,potential_based,456,68,13600,200,-198.8419,-200.0,False,-200.0,False,11.989
DQN_potential_based_seed456,DQN,potential_based,456,69,13800,200,-198.7453,-200.0,False,-200.0,False,12.215
DQN_potential_based_seed456,DQN,potential_based,456,70,14000,200,-198.9776,-200.0,False,-200.0,False,12.369
DQN_potential_based_seed456,DQN,potential_based,456,71,14200,200,-199.1369,-200.0,False,-200.0,False,12.507
DQN_potential_based_seed456,DQN,potential_based,456,72,14400,200,-198.8752,-200.0,False,-200.0,False,12.628
DQN_potential_based_seed456,DQN,potential_based,456,73,14600,200,-199.0402,-200.0,False,-200.0,False,12.764
DQN_potential_based_seed456,DQN,potential_based,456,74,14800,200,-198.9581,-200.0,False,-200.0,False,12.884
DQN_potential_based_seed456,DQN,potential_based,456,75,15000,200,-199.0042,-200.0,False,-200.0,False,13.035
DQN_potential_based_seed456,DQN,potential_based,456,76,15200,200,-199.1023,-200.0,False,-200.0,False,13.244
DQN_potential_based_seed456,DQN,potential_based,456,77,15400,200,-198.9996,-200.0,False,-200.0,False,13.394
DQN_potential_based_seed456,DQN,potential_based,456,78,15600,200,-198.8923,-200.0,False,-200.0,False,13.537
DQN_potential_based_seed456,DQN,potential_based,456,79,15800,200,-198.9652,-200.0,False,-200.0,False,13.662
DQN_potential_based_seed456,DQN,potential_based,456,80,16000,200,-199.1749,-200.0,False,-200.0,False,13.792
DQN_potential_based_seed456,DQN,potential_based,456,81,16200,200,-198.9038,-200.0,False,-200.0,False,13.89
DQN_potential_based_seed456,DQN,potential_based,456,82,16400,200,-198.9935,-200.0,False,-200.0,False,14.0
DQN_potential_based_seed456,DQN,potential_based,456,83,16600,200,-199.0568,-200.0,False,-200.0,False,14.148
DQN_potential_based_seed456,DQN,potential_based,456,84,16800,200,-198.871,-200.0,False,-200.0,False,14.32
DQN_potential_based_seed456,DQN,potential_based,456,85,17000,200,-198.9761,-200.0,False,-200.0,False,14.433
DQN_potential_based_seed456,DQN,potential_based,456,86,17200,200,-199.0456,-200.0,False,-200.0,False,14.551
DQN_potential_based_seed456,DQN,potential_based,456,87,17400,200,-199.1146,-200.0,False,-200.0,False,14.67
DQN_potential_based_seed456,DQN,potential_based,456,88,17600,200,-199.0286,-200.0,False,-200.0,False,14.817
DQN_potential_based_seed456,DQN,potential_based,456,89,17800,200,-198.9811,-200.0,False,-200.0,False,14.915
DQN_potential_based_seed456,DQN,potential_based,456,90,18000,200,-198.8669,-200.0,False,-200.0,False,15.049
DQN_potential_based_seed456,DQN,potential_based,456,91,18200,200,-198.9628,-200.0,False,-200.0,False,15.202
DQN_potential_based_seed456,DQN,potential_based,456,92,18400,200,-199.0069,-200.0,False,-200.0,False,15.328
DQN_potential_based_seed456,DQN,potential_based,456,93,18600,200,-199.0258,-200.0,False,-200.0,False,15.485
DQN_potential_based_seed456,DQN,potential_based,456,94,18800,200,-198.8507,-200.0,False,-200.0,False,15.601
DQN_potential_based_seed456,DQN,potential_based,456,95,19000,200,-198.9056,-200.0,False,-200.0,False,15.719
DQN_potential_based_seed456,DQN,potential_based,456,96,19200,200,-199.206,-200.0,False,-200.0,False,15.811
DQN_potential_based_seed456,DQN,potential_based,456,97,19400,200,-198.9366,-200.0,False,-200.0,False,15.911
DQN_potential_based_seed456,DQN,potential_based,456,98,19600,200,-199.0315,-200.0,False,-200.0,False,16.021
DQN_potential_based_seed456,DQN,potential_based,456,99,19800,200,-198.9339,-200.0,False,-200.0,False,16.237
DQN_potential_based_seed456,DQN,potential_based,456,100,20000,200,-198.8544,-200.0,False,-200.0,False,16.385
DQN_potential_based_seed456,DQN,potential_based,456,101,20200,200,-198.9699,-200.0,False,-200.0,False,16.644
DQN_potential_based_seed456,DQN,potential_based,456,102,20400,200,-199.0658,-200.0,False,-200.0,False,16.835
DQN_potential_based_seed456,DQN,potential_based,456,103,20600,200,-199.0804,-200.0,False,-200.0,False,17.017
DQN_potential_based_seed456,DQN,potential_based,456,104,20800,200,-199.024,-200.0,False,-200.0,False,17.279
DQN_potential_based_seed456,DQN,potential_based,456,105,21000,200,-198.9571,-200.0,False,-200.0,False,17.549
DQN_potential_based_seed456,DQN,potential_based,456,106,21200,200,-199.0252,-200.0,False,-200.0,False,17.831
DQN_potential_based_seed456,DQN,potential_based,456,107,21400,200,-199.1679,-200.0,False,-200.0,False,18.024
DQN_potential_based_seed456,DQN,potential_based,456,108,21600,200,-198.9248,-200.0,False,-200.0,False,18.239
DQN_potential_based_seed456,DQN,potential_based,456,109,21800,200,-199.0743,-200.0,False,-200.0,False,18.382
DQN_potential_based_seed456,DQN,potential_based,456,110,22000,200,-199.1503,-200.0,False,-200.0,False,18.547
DQN_potential_based_seed456,DQN,potential_based,456,111,22200,200,-199.1443,-200.0,False,-200.0,False,18.708
DQN_potential_based_seed456,DQN,potential_based,456,112,22400,200,-199.0274,-200.0,False,-200.0,False,18.89
DQN_potential_based_seed456,DQN,potential_based,456,113,22600,200,-199.0019,-200.0,False,-200.0,False,19.036
DQN_potential_based_seed456,DQN,potential_based,456,114,22800,200,-199.1158,-200.0,False,-200.0,False,19.164
DQN_potential_based_seed456,DQN,potential_based,456,115,23000,200,-199.1858,-200.0,False,-200.0,False,19.321
DQN_potential_based_seed456,DQN,potential_based,456,116,23200,200,-198.9376,-200.0,False,-200.0,False,19.437
DQN_potential_based_seed456,DQN,potential_based,456,117,23400,200,-199.0124,-200.0,False,-200.0,False,19.607
DQN_potential_based_seed456,DQN,potential_based,456,118,23600,200,-198.9567,-200.0,False,-200.0,False,19.779
DQN_potential_based_seed456,DQN,potential_based,456,119,23800,200,-198.9847,-200.0,False,-200.0,False,19.916
DQN_potential_based_seed456,DQN,potential_based,456,120,24000,200,-198.7486,-200.0,False,-200.0,False,20.037
DQN_potential_based_seed456,DQN,potential_based,456,121,24200,200,-199.2046,-200.0,False,-200.0,False,20.192
DQN_potential_based_seed456,DQN,potential_based,456,122,24400,200,-198.9125,-200.0,False,-200.0,False,20.403
DQN_potential_based_seed456,DQN,potential_based,456,123,24600,200,-199.0135,-200.0,False,-200.0,False,20.544
DQN_potential_based_seed456,DQN,potential_based,456,124,24800,200,-199.0107,-200.0,False,-200.0,False,20.666
DQN_potential_based_seed456,DQN,potential_based,456,125,25000,200,-198.9696,-200.0,False,-200.0,False,20.787
DQN_potential_based_seed456,DQN,potential_based,456,126,25200,200,-199.1131,-200.0,False,-200.0,False,20.924
DQN_potential_based_seed456,DQN,potential_based,456,127,25400,200,-198.9354,-200.0,False,-200.0,False,21.06
DQN_potential_based_seed456,DQN,potential_based,456,128,25600,200,-198.8483,-200.0,False,-200.0,False,21.224
DQN_potential_based_seed456,DQN,potential_based,456,129,25800,200,-199.1185,-200.0,False,-200.0,False,21.414
DQN_potential_based_seed456,DQN,potential_based,456,130,26000,200,-198.9759,-200.0,False,-200.0,False,21.554
DQN_potential_based_seed456,DQN,potential_based,456,131,26200,200,-198.7786,-200.0,False,-200.0,False,21.676
DQN_potential_based_seed456,DQN,potential_based,456,132,26400,200,-199.1149,-200.0,False,-200.0,False,21.858
DQN_potential_based_seed456,DQN,potential_based,456,133,26600,200,-199.1252,-200.0,False,-200.0,False,22.075
DQN_potential_based_seed456,DQN,potential_based,456,134,26800,200,-198.9912,-200.0,False,-200.0,False,22.259
DQN_potential_based_seed456,DQN,potential_based,456,135,27000,200,-199.0886,-200.0,False,-200.0,False,22.449
DQN_potential_based_seed456,DQN,potential_based,456,136,27200,200,-198.9583,-200.0,False,-200.0,False,22.638
DQN_potential_based_seed456,DQN,potential_based,456,137,27400,200,-198.919,-200.0,False,-200.0,False,22.821
DQN_potential_based_seed456,DQN,potential_based,456,138,27600,200,-198.9444,-200.0,False,-200.0,False,23.013
DQN_potential_based_seed456,DQN,potential_based,456,139,27800,200,-198.829,-200.0,False,-200.0,False,23.188
DQN_potential_based_seed456,DQN,potential_based,456,140,28000,200,-199.0761,-200.0,False,-200.0,False,23.346
DQN_potential_based_seed456,DQN,potential_based,456,141,28200,200,-199.0805,-200.0,False,-200.0,False,23.455
DQN_potential_based_seed456,DQN,potential_based,456,142,28400,200,-199.1522,-200.0,False,-200.0,False,23.593
DQN_potential_based_seed456,DQN,potential_based,456,143,28600,200,-198.985,-200.0,False,-200.0,False,23.711
DQN_potential_based_seed456,DQN,potential_based,456,144,28800,200,-198.8191,-200.0,False,-200.0,False,23.834
DQN_potential_based_seed456,DQN,potential_based,456,145,29000,200,-198.943,-200.0,False,-200.0,False,23.949
DQN_potential_based_seed456,DQN,potential_based,456,146,29200,200,-199.0528,-200.0,False,-200.0,False,24.141
DQN_potential_based_seed456,DQN,potential_based,456,147,29400,200,-198.7927,-200.0,False,-200.0,False,24.322
DQN_potential_based_seed456,DQN,potential_based,456,148,29600,200,-198.7949,-200.0,False,-200.0,False,24.457
DQN_potential_based_seed456,DQN,potential_based,456,149,29800,200,-198.9278,-200.0,False,-200.0,False,24.627
DQN_potential_based_seed456,DQN,potential_based,456,150,30000,200,-198.9767,-200.0,False,-200.0,False,24.773
DQN_potential_based_seed456,DQN,potential_based,456,151,30200,200,-199.0275,-200.0,False,-200.0,False,25.025
DQN_potential_based_seed456,DQN,potential_based,456,152,30400,200,-198.9266,-200.0,False,-200.0,False,25.294
DQN_potential_based_seed456,DQN,potential_based,456,153,30600,200,-199.2019,-200.0,False,-200.0,False,25.583
DQN_potential_based_seed456,DQN,potential_based,456,154,30800,200,-199.0616,-200.0,False,-200.0,False,25.883
DQN_potential_based_seed456,DQN,potential_based,456,155,31000,200,-198.8785,-200.0,False,-200.0,False,26.241
DQN_potential_based_seed456,DQN,potential_based,456,156,31200,200,-198.9945,-200.0,False,-200.0,False,26.481
DQN_potential_based_seed456,DQN,potential_based,456,157,31400,200,-199.1784,-200.0,False,-200.0,False,26.626
DQN_potential_based_seed456,DQN,potential_based,456,158,31600,200,-199.027,-200.0,False,-200.0,False,26.758
DQN_potential_based_seed456,DQN,potential_based,456,159,31800,200,-198.727,-200.0,False,-200.0,False,26.962
DQN_potential_based_seed456,DQN,potential_based,456,160,32000,200,-199.0562,-200.0,False,-200.0,False,27.098
DQN_potential_based_seed456,DQN,potential_based,456,161,32200,200,-198.8244,-200.0,False,-200.0,False,27.212
DQN_potential_based_seed456,DQN,potential_based,456,162,32400,200,-198.8886,-200.0,False,-200.0,False,27.351
DQN_potential_based_seed456,DQN,potential_based,456,163,32600,200,-198.9224,-200.0,False,-200.0,False,27.503
DQN_potential_based_seed456,DQN,potential_based,456,164,32800,200,-198.8361,-200.0,False,-200.0,False,27.623
DQN_potential_based_seed456,DQN,potential_based,456,165,33000,200,-198.9969,-200.0,False,-200.0,False,27.773
DQN_potential_based_seed456,DQN,potential_based,456,166,33200,200,-198.9074,-200.0,False,-200.0,False,27.907
DQN_potential_based_seed456,DQN,potential_based,456,167,33400,200,-198.8765,-200.0,False,-200.0,False,28.058
DQN_potential_based_seed456,DQN,potential_based,456,168,33600,200,-198.828,-200.0,False,-200.0,False,28.216
DQN_potential_based_seed456,DQN,potential_based,456,169,33800,200,-198.8508,-200.0,False,-200.0,False,28.372
DQN_potential_based_seed456,DQN,potential_based,456,170,34000,200,-198.9982,-200.0,False,-200.0,False,28.517
DQN_potential_based_seed456,DQN,potential_based,456,171,34200,200,-198.9358,-200.0,False,-200.0,False,28.651
DQN_potential_based_seed456,DQN,potential_based,456,172,34400,200,-198.8126,-200.0,False,-200.0,False,28.802
DQN_potential_based_seed456,DQN,potential_based,456,173,34600,200,-199.0629,-200.0,False,-200.0,False,29.019
DQN_potential_based_seed456,DQN,potential_based,456,174,34800,200,-198.9075,-200.0,False,-200.0,False,29.141
DQN_potential_based_seed456,DQN,potential_based,456,175,35000,200,-198.8343,-200.0,False,-200.0,False,29.291
DQN_potential_based_seed456,DQN,potential_based,456,176,35200,200,-199.0,-200.0,False,-200.0,False,29.406
DQN_potential_based_seed456,DQN,potential_based,456,177,35400,200,-198.7184,-200.0,False,-200.0,False,29.538
DQN_potential_based_seed456,DQN,potential_based,456,178,35600,200,-198.8004,-200.0,False,-200.0,False,29.692
DQN_potential_based_seed456,DQN,potential_based,456,179,35800,200,-199.1429,-200.0,False,-200.0,False,29.798
DQN_potential_based_seed456,DQN,potential_based,456,180,36000,200,-199.1821,-200.0,False,-200.0,False,29.935
DQN_potential_based_seed456,DQN,potential_based,456,181,36200,200,-198.9656,-200.0,False,-200.0,False,30.06
DQN_potential_based_seed456,DQN,potential_based,456,182,36400,200,-199.0129,-200.0,False,-200.0,False,30.284
DQN_potential_based_seed456,DQN,potential_based,456,183,36600,200,-199.0035,-200.0,False,-200.0,False,30.437
DQN_potential_based_seed456,DQN,potential_based,456,184,36800,200,-199.0492,-200.0,False,-200.0,False,30.57
DQN_potential_based_seed456,DQN,potential_based,456,185,37000,200,-199.072,-200.0,False,-200.0,False,30.715
DQN_potential_based_seed456,DQN,potential_based,456,186,37200,200,-198.8137,-200.0,False,-200.0,False,30.85
DQN_potential_based_seed456,DQN,potential_based,456,187,37400,200,-198.9288,-200.0,False,-200.0,False,31.0
DQN_potential_based_seed456,DQN,potential_based,456,188,37600,200,-198.85,-200.0,False,-200.0,False,31.14
DQN_potential_based_seed456,DQN,potential_based,456,189,37800,200,-198.7344,-200.0,False,-200.0,False,31.328
DQN_potential_based_seed456,DQN,potential_based,456,190,38000,200,-199.0795,-200.0,False,-200.0,False,31.473
DQN_potential_based_seed456,DQN,potential_based,456,191,38200,200,-198.9597,-200.0,False,-200.0,False,31.574
DQN_potential_based_seed456,DQN,potential_based,456,192,38400,200,-199.0424,-200.0,False,-200.0,False,31.695
DQN_potential_based_seed456,DQN,potential_based,456,193,38600,200,-198.9708,-200.0,False,-200.0,False,31.833
DQN_potential_based_seed456,DQN,potential_based,456,194,38800,200,-198.9924,-200.0,False,-200.0,False,31.97
DQN_potential_based_seed456,DQN,potential_based,456,195,39000,200,-199.0033,-200.0,False,-200.0,False,32.094
DQN_potential_based_seed456,DQN,potential_based,456,196,39200,200,-198.8759,-200.0,False,-200.0,False,32.246
DQN_potential_based_seed456,DQN,potential_based,456,197,39400,200,-199.0488,-200.0,False,-200.0,False,32.405
DQN_potential_based_seed456,DQN,potential_based,456,198,39600,200,-198.9104,-200.0,False,-200.0,False,32.548
DQN_potential_based_seed456,DQN,potential_based,456,199,39800,200,-198.9469,-200.0,False,-200.0,False,32.676
DQN_potential_based_seed456,DQN,potential_based,456,200,40000,200,-198.8556,-200.0,False,-200.0,False,32.778
DQN_potential_based_seed456,DQN,potential_based,456,201,40200,200,-198.8724,-200.0,False,-200.0,False,33.077
DQN_potential_based_seed456,DQN,potential_based,456,202,40400,200,-199.0217,-200.0,False,-200.0,False,33.277
DQN_potential_based_seed456,DQN,potential_based,456,203,40600,200,-198.9322,-200.0,False,-200.0,False,33.507
DQN_potential_based_seed456,DQN,potential_based,456,204,40800,200,-198.8364,-200.0,False,-200.0,False,33.753
DQN_potential_based_seed456,DQN,potential_based,456,205,41000,200,-198.8752,-200.0,False,-200.0,False,34.082
DQN_potential_based_seed456,DQN,potential_based,456,206,41200,200,-198.843,-200.0,False,-200.0,False,34.341
DQN_potential_based_seed456,DQN,potential_based,456,207,41400,200,-198.8948,-200.0,False,-200.0,False,34.471
DQN_potential_based_seed456,DQN,potential_based,456,208,41600,200,-199.1085,-200.0,False,-200.0,False,34.611
DQN_potential_based_seed456,DQN,potential_based,456,209,41800,200,-198.9574,-200.0,False,-200.0,False,34.729
DQN_potential_based_seed456,DQN,potential_based,456,210,42000,200,-198.8754,-200.0,False,-200.0,False,34.84
DQN_potential_based_seed456,DQN,potential_based,456,211,42200,200,-198.9193,-200.0,False,-200.0,False,34.948
DQN_potential_based_seed456,DQN,potential_based,456,212,42400,200,-199.0148,-200.0,False,-200.0,False,35.064
DQN_potential_based_seed456,DQN,potential_based,456,213,42600,200,-199.0394,-200.0,False,-200.0,False,35.204
DQN_potential_based_seed456,DQN,potential_based,456,214,42800,200,-198.9274,-200.0,False,-200.0,False,35.426
DQN_potential_based_seed456,DQN,potential_based,456,215,43000,200,-199.1584,-200.0,False,-200.0,False,35.543
DQN_potential_based_seed456,DQN,potential_based,456,216,43200,200,-198.9937,-200.0,False,-200.0,False,35.68
DQN_potential_based_seed456,DQN,potential_based,456,217,43400,200,-198.925,-200.0,False,-200.0,False,35.83
DQN_potential_based_seed456,DQN,potential_based,456,218,43600,200,-199.147,-200.0,False,-200.0,False,35.95
DQN_potential_based_seed456,DQN,potential_based,456,219,43800,200,-198.9073,-200.0,False,-200.0,False,36.072
DQN_potential_based_seed456,DQN,potential_based,456,220,44000,200,-198.7526,-200.0,False,-200.0,False,36.213
DQN_potential_based_seed456,DQN,potential_based,456,221,44200,200,-198.8691,-200.0,False,-200.0,False,36.363
DQN_potential_based_seed456,DQN,potential_based,456,222,44400,200,-199.0946,-200.0,False,-200.0,False,36.49
DQN_potential_based_seed456,DQN,potential_based,456,223,44600,200,-198.8056,-200.0,False,-200.0,False,36.623
DQN_potential_based_seed456,DQN,potential_based,456,224,44800,200,-198.7967,-200.0,False,-200.0,False,36.747
DQN_potential_based_seed456,DQN,potential_based,456,225,45000,200,-198.8315,-200.0,False,-200.0,False,36.864
DQN_potential_based_seed456,DQN,potential_based,456,226,45200,200,-199.0817,-200.0,False,-200.0,False,36.987
DQN_potential_based_seed456,DQN,potential_based,456,227,45400,200,-198.8043,-200.0,False,-200.0,False,37.118
DQN_potential_based_seed456,DQN,potential_based,456,228,45600,200,-199.0588,-200.0,False,-200.0,False,37.319
DQN_potential_based_seed456,DQN,potential_based,456,229,45800,200,-198.9803,-200.0,False,-200.0,False,37.435
DQN_potential_based_seed456,DQN,potential_based,456,230,46000,200,-198.9536,-200.0,False,-200.0,False,37.557
DQN_potential_based_seed456,DQN,potential_based,456,231,46200,200,-198.9296,-200.0,False,-200.0,False,37.662
DQN_potential_based_seed456,DQN,potential_based,456,232,46400,200,-198.8417,-200.0,False,-200.0,False,37.785
DQN_potential_based_seed456,DQN,potential_based,456,233,46600,200,-198.8682,-200.0,False,-200.0,False,37.917
DQN_potential_based_seed456,DQN,potential_based,456,234,46800,200,-198.8614,-200.0,False,-200.0,False,38.053
DQN_potential_based_seed456,DQN,potential_based,456,235,47000,200,-198.9422,-200.0,False,-200.0,False,38.178
DQN_potential_based_seed456,DQN,potential_based,456,236,47200,200,-199.1012,-200.0,False,-200.0,False,38.344
DQN_potential_based_seed456,DQN,potential_based,456,237,47400,200,-198.8825,-200.0,False,-200.0,False,38.552
DQN_potential_based_seed456,DQN,potential_based,456,238,47600,200,-198.9387,-200.0,False,-200.0,False,38.68
DQN_potential_based_seed456,DQN,potential_based,456,239,47800,200,-198.9334,-200.0,False,-200.0,False,38.815
DQN_potential_based_seed456,DQN,potential_based,456,240,48000,200,-198.7983,-200.0,False,-200.0,False,38.923
DQN_potential_based_seed456,DQN,potential_based,456,241,48200,200,-198.975,-200.0,False,-200.0,False,39.067
DQN_potential_based_seed456,DQN,potential_based,456,242,48400,200,-198.8214,-200.0,False,-200.0,False,39.21
DQN_potential_based_seed456,DQN,potential_based,456,243,48600,200,-198.9386,-200.0,False,-200.0,False,39.329
DQN_potential_based_seed456,DQN,potential_based,456,244,48800,200,-199.0658,-200.0,False,-200.0,False,39.458
DQN_potential_based_seed456,DQN,potential_based,456,245,49000,200,-198.8862,-200.0,False,-200.0,False,39.613
DQN_potential_based_seed456,DQN,potential_based,456,246,49200,200,-198.9452,-200.0,False,-200.0,False,39.717
DQN_potential_based_seed456,DQN,potential_based,456,247,49400,200,-199.0309,-200.0,False,-200.0,False,39.835
DQN_potential_based_seed456,DQN,potential_based,456,248,49600,200,-198.922,-200.0,False,-200.0,False,39.954
DQN_potential_based_seed456,DQN,potential_based,456,249,49800,200,-198.9498,-200.0,False,-200.0,False,40.094
DQN_potential_based_seed456,DQN,potential_based,456,250,50000,200,-198.8456,-200.0,False,-200.0,False,40.364
DQN_potential_based_seed456,DQN,potential_based,456,251,50200,200,-198.7476,-200.0,False,-200.0,False,40.831
DQN_potential_based_seed456,DQN,potential_based,456,252,50400,200,-198.8881,-200.0,False,-200.0,False,41.084
DQN_potential_based_seed456,DQN,potential_based,456,253,50600,200,-198.9958,-200.0,False,-200.0,False,41.651
DQN_potential_based_seed456,DQN,potential_based,456,254,50800,200,-198.9228,-200.0,False,-200.0,False,41.955
DQN_potential_based_seed456,DQN,potential_based,456,255,51000,200,-198.9417,-200.0,False,-200.0,False,42.231
DQN_potential_based_seed456,DQN,potential_based,456,256,51200,200,-198.9332,-200.0,False,-200.0,False,42.42
DQN_potential_based_seed456,DQN,potential_based,456,257,51400,200,-198.9416,-200.0,False,-200.0,False,42.604
DQN_potential_based_seed456,DQN,potential_based,456,258,51600,200,-198.9088,-200.0,False,-200.0,False,42.791
DQN_potential_based_seed456,DQN,potential_based,456,259,51800,200,-198.947,-200.0,False,-200.0,False,43.001
DQN_potential_based_seed456,DQN,potential_based,456,260,52000,200,-198.6723,-200.0,False,-200.0,False,43.212
DQN_potential_based_seed456,DQN,potential_based,456,261,52200,200,-199.0197,-200.0,False,-200.0,False,43.37
DQN_potential_based_seed456,DQN,potential_based,456,262,52400,200,-198.8748,-200.0,False,-200.0,False,43.496
DQN_potential_based_seed456,DQN,potential_based,456,263,52600,200,-198.9443,-200.0,False,-200.0,False,43.609
DQN_potential_based_seed456,DQN,potential_based,456,264,52800,200,-199.094,-200.0,False,-200.0,False,43.76
DQN_potential_based_seed456,DQN,potential_based,456,265,53000,200,-198.824,-200.0,False,-200.0,False,43.88
DQN_potential_based_seed456,DQN,potential_based,456,266,53200,200,-198.9075,-200.0,False,-200.0,False,44.044
DQN_potential_based_seed456,DQN,potential_based,456,267,53400,200,-198.8633,-200.0,False,-200.0,False,44.19
DQN_potential_based_seed456,DQN,potential_based,456,268,53600,200,-198.9639,-200.0,False,-200.0,False,44.319
DQN_potential_based_seed456,DQN,potential_based,456,269,53800,200,-198.9169,-200.0,False,-200.0,False,44.543
DQN_potential_based_seed456,DQN,potential_based,456,270,54000,200,-198.8434,-200.0,False,-200.0,False,44.657
DQN_potential_based_seed456,DQN,potential_based,456,271,54200,200,-198.9191,-200.0,False,-200.0,False,44.8
DQN_potential_based_seed456,DQN,potential_based,456,272,54400,200,-198.8437,-200.0,False,-200.0,False,44.955
DQN_potential_based_seed456,DQN,potential_based,456,273,54600,200,-199.0602,-200.0,False,-200.0,False,45.131
DQN_potential_based_seed456,DQN,potential_based,456,274,54800,200,-198.772,-200.0,False,-200.0,False,45.291
DQN_potential_based_seed456,DQN,potential_based,456,275,55000,200,-198.9234,-200.0,False,-200.0,False,45.394
DQN_potential_based_seed456,DQN,potential_based,456,276,55200,200,-198.9739,-200.0,False,-200.0,False,45.497
DQN_potential_based_seed456,DQN,potential_based,456,277,55400,200,-198.9382,-200.0,False,-200.0,False,45.628
DQN_potential_based_seed456,DQN,potential_based,456,278,55600,200,-198.9196,-200.0,False,-200.0,False,45.786
DQN_potential_based_seed456,DQN,potential_based,456,279,55800,200,-199.0726,-200.0,False,-200.0,False,45.917
DQN_potential_based_seed456,DQN,potential_based,456,280,56000,200,-198.957,-200.0,False,-200.0,False,46.053
DQN_potential_based_seed456,DQN,potential_based,456,281,56200,200,-199.0036,-200.0,False,-200.0,False,46.164
DQN_potential_based_seed456,DQN,potential_based,456,282,56400,200,-198.9645,-200.0,False,-200.0,False,46.274
DQN_potential_based_seed456,DQN,potential_based,456,283,56600,200,-199.0735,-200.0,False,-200.0,False,46.406
DQN_potential_based_seed456,DQN,potential_based,456,284,56800,200,-199.0977,-200.0,False,-200.0,False,46.54
DQN_potential_based_seed456,DQN,potential_based,456,285,57000,200,-198.9161,-200.0,False,-200.0,False,46.649
DQN_potential_based_seed456,DQN,potential_based,456,286,57200,200,-198.8747,-200.0,False,-200.0,False,46.76
DQN_potential_based_seed456,DQN,potential_based,456,287,57400,200,-199.0071,-200.0,False,-200.0,False,46.884
DQN_potential_based_seed456,DQN,potential_based,456,288,57600,200,-198.8297,-200.0,False,-200.0,False,47.009
DQN_potential_based_seed456,DQN,potential_based,456,289,57800,200,-198.9513,-200.0,False,-200.0,False,47.129
DQN_potential_based_seed456,DQN,potential_based,456,290,58000,200,-199.0383,-200.0,False,-200.0,False,47.296
DQN_potential_based_seed456,DQN,potential_based,456,291,58200,200,-198.9478,-200.0,False,-200.0,False,47.504
DQN_potential_based_seed456,DQN,potential_based,456,292,58400,200,-198.9888,-200.0,False,-200.0,False,47.656
DQN_potential_based_seed456,DQN,potential_based,456,293,58600,200,-199.0802,-200.0,False,-200.0,False,47.826
DQN_potential_based_seed456,DQN,potential_based,456,294,58800,200,-198.7886,-200.0,False,-200.0,False,48.029
DQN_potential_based_seed456,DQN,potential_based,456,295,59000,200,-198.9604,-200.0,False,-200.0,False,48.21
DQN_potential_based_seed456,DQN,potential_based,456,296,59200,200,-198.8421,-200.0,False,-200.0,False,48.401
DQN_potential_based_seed456,DQN,potential_based,456,297,59400,200,-199.036,-200.0,False,-200.0,False,48.557
DQN_potential_based_seed456,DQN,potential_based,456,298,59600,200,-198.7621,-200.0,False,-200.0,False,48.703
DQN_potential_based_seed456,DQN,potential_based,456,299,59800,200,-199.1224,-200.0,False,-200.0,False,48.892
DQN_potential_based_seed456,DQN,potential_based,456,300,60000,200,-199.1612,-200.0,False,-200.0,False,49.084
DQN_potential_based_seed456,DQN,potential_based,456,301,60200,200,-199.0012,-200.0,False,-200.0,False,49.367
DQN_potential_based_seed456,DQN,potential_based,456,302,60400,200,-199.1332,-200.0,False,-200.0,False,49.598
DQN_potential_based_seed456,DQN,potential_based,456,303,60600,200,-198.9876,-200.0,False,-200.0,False,49.899
DQN_potential_based_seed456,DQN,potential_based,456,304,60800,200,-198.7848,-200.0,False,-200.0,False,50.217
DQN_potential_based_seed456,DQN,potential_based,456,305,61000,200,-198.895,-200.0,False,-200.0,False,50.669
DQN_potential_based_seed456,DQN,potential_based,456,306,61200,200,-199.1868,-200.0,False,-200.0,False,50.934
DQN_potential_based_seed456,DQN,potential_based,456,307,61400,200,-198.8136,-200.0,False,-200.0,False,51.166
DQN_potential_based_seed456,DQN,potential_based,456,308,61600,200,-198.9659,-200.0,False,-200.0,False,51.371
DQN_potential_based_seed456,DQN,potential_based,456,309,61800,200,-199.0368,-200.0,False,-200.0,False,51.558
DQN_potential_based_seed456,DQN,potential_based,456,310,62000,200,-199.0677,-200.0,False,-200.0,False,51.769
DQN_potential_based_seed456,DQN,potential_based,456,311,62200,200,-198.803,-200.0,False,-200.0,False,52.003
DQN_potential_based_seed456,DQN,potential_based,456,312,62400,200,-199.037,-200.0,False,-200.0,False,52.219
DQN_potential_based_seed456,DQN,potential_based,456,313,62600,200,-198.9191,-200.0,False,-200.0,False,52.451
DQN_potential_based_seed456,DQN,potential_based,456,314,62800,200,-199.128,-200.0,False,-200.0,False,52.658
DQN_potential_based_seed456,DQN,potential_based,456,315,63000,200,-199.0114,-200.0,False,-200.0,False,52.899
DQN_potential_based_seed456,DQN,potential_based,456,316,63200,200,-199.1012,-200.0,False,-200.0,False,53.105
DQN_potential_based_seed456,DQN,potential_based,456,317,63400,200,-198.7493,-200.0,False,-200.0,False,53.336
DQN_potential_based_seed456,DQN,potential_based,456,318,63600,200,-198.8518,-200.0,False,-200.0,False,53.591
DQN_potential_based_seed456,DQN,potential_based,456,319,63800,200,-198.8702,-200.0,False,-200.0,False,53.779
DQN_potential_based_seed456,DQN,potential_based,456,320,64000,200,-198.9606,-200.0,False,-200.0,False,54.016
DQN_potential_based_seed456,DQN,potential_based,456,321,64200,200,-198.9192,-200.0,False,-200.0,False,54.226
DQN_potential_based_seed456,DQN,potential_based,456,322,64400,200,-198.9954,-200.0,False,-200.0,False,54.438
DQN_potential_based_seed456,DQN,potential_based,456,323,64600,200,-198.8691,-200.0,False,-200.0,False,54.658
DQN_potential_based_seed456,DQN,potential_based,456,324,64800,200,-198.9121,-200.0,False,-200.0,False,54.853
DQN_potential_based_seed456,DQN,potential_based,456,325,65000,200,-198.8947,-200.0,False,-200.0,False,55.026
DQN_potential_based_seed456,DQN,potential_based,456,326,65200,200,-199.1279,-200.0,False,-200.0,False,55.246
DQN_potential_based_seed456,DQN,potential_based,456,327,65400,200,-198.899,-200.0,False,-200.0,False,55.43
DQN_potential_based_seed456,DQN,potential_based,456,328,65600,200,-198.8697,-200.0,False,-200.0,False,55.707
DQN_potential_based_seed456,DQN,potential_based,456,329,65800,200,-198.7258,-200.0,False,-200.0,False,55.921
DQN_potential_based_seed456,DQN,potential_based,456,330,66000,200,-198.9185,-200.0,False,-200.0,False,56.106
DQN_potential_based_seed456,DQN,potential_based,456,331,66200,200,-199.128,-200.0,False,-200.0,False,56.302
DQN_potential_based_seed456,DQN,potential_based,456,332,66400,200,-198.9543,-200.0,False,-200.0,False,56.43
DQN_potential_based_seed456,DQN,potential_based,456,333,66600,200,-198.9445,-200.0,False,-200.0,False,56.627
DQN_potential_based_seed456,DQN,potential_based,456,334,66800,200,-198.9118,-200.0,False,-200.0,False,56.794
DQN_potential_based_seed456,DQN,potential_based,456,335,67000,200,-199.0218,-200.0,False,-200.0,False,56.954
DQN_potential_based_seed456,DQN,potential_based,456,336,67200,200,-199.0724,-200.0,False,-200.0,False,57.09
DQN_potential_based_seed456,DQN,potential_based,456,337,67400,200,-199.1919,-200.0,False,-200.0,False,57.213
DQN_potential_based_seed456,DQN,potential_based,456,338,67600,200,-198.984,-200.0,False,-200.0,False,57.386
DQN_potential_based_seed456,DQN,potential_based,456,339,67800,200,-199.0549,-200.0,False,-200.0,False,57.617
DQN_potential_based_seed456,DQN,potential_based,456,340,68000,200,-199.1584,-200.0,False,-200.0,False,57.747
DQN_potential_based_seed456,DQN,potential_based,456,341,68200,200,-198.9351,-200.0,False,-200.0,False,57.862
DQN_potential_based_seed456,DQN,potential_based,456,342,68400,200,-198.8036,-200.0,False,-200.0,False,57.976
DQN_potential_based_seed456,DQN,potential_based,456,343,68600,200,-198.9799,-200.0,False,-200.0,False,58.147
DQN_potential_based_seed456,DQN,potential_based,456,344,68800,200,-198.8248,-200.0,False,-200.0,False,58.341
DQN_potential_based_seed456,DQN,potential_based,456,345,69000,200,-198.9909,-200.0,False,-200.0,False,58.495
DQN_potential_based_seed456,DQN,potential_based,456,346,69200,200,-198.9235,-200.0,False,-200.0,False,58.627
DQN_potential_based_seed456,DQN,potential_based,456,347,69400,200,-199.1097,-200.0,False,-200.0,False,58.743
DQN_potential_based_seed456,DQN,potential_based,456,348,69600,200,-199.0335,-200.0,False,-200.0,False,58.836
DQN_potential_based_seed456,DQN,potential_based,456,349,69800,200,-199.1419,-200.0,False,-200.0,False,58.943
DQN_potential_based_seed456,DQN,potential_based,456,350,70000,200,-199.0754,-200.0,False,-200.0,False,59.087
DQN_potential_based_seed456,DQN,potential_based,456,351,70200,200,-199.092,-200.0,False,-200.0,False,59.351
DQN_potential_based_seed456,DQN,potential_based,456,352,70400,200,-199.0582,-200.0,False,-200.0,False,59.519
DQN_potential_based_seed456,DQN,potential_based,456,353,70600,200,-198.9558,-200.0,False,-200.0,False,59.654
DQN_potential_based_seed456,DQN,potential_based,456,354,70800,200,-198.9566,-200.0,False,-200.0,False,59.868
DQN_potential_based_seed456,DQN,potential_based,456,355,71000,200,-198.7091,-200.0,False,-200.0,False,60.227
DQN_potential_based_seed456,DQN,potential_based,456,356,71200,200,-198.9222,-200.0,False,-200.0,False,60.585
DQN_potential_based_seed456,DQN,potential_based,456,357,71400,200,-198.9362,-200.0,False,-200.0,False,60.917
DQN_potential_based_seed456,DQN,potential_based,456,358,71600,200,-198.9101,-200.0,False,-200.0,False,61.196
DQN_potential_based_seed456,DQN,potential_based,456,359,71800,200,-198.8758,-200.0,False,-200.0,False,61.42
DQN_potential_based_seed456,DQN,potential_based,456,360,72000,200,-198.9719,-200.0,False,-200.0,False,61.66
DQN_potential_based_seed456,DQN,potential_based,456,361,72200,200,-198.8856,-200.0,False,-200.0,False,61.874
DQN_potential_based_seed456,DQN,potential_based,456,362,72400,200,-198.6749,-200.0,False,-200.0,False,62.101
DQN_potential_based_seed456,DQN,potential_based,456,363,72600,200,-198.8244,-200.0,False,-200.0,False,62.305
DQN_potential_based_seed456,DQN,potential_based,456,364,72800,200,-198.8517,-200.0,False,-200.0,False,62.567
DQN_potential_based_seed456,DQN,potential_based,456,365,73000,200,-199.0015,-200.0,False,-200.0,False,62.754
DQN_potential_based_seed456,DQN,potential_based,456,366,73200,200,-198.9679,-200.0,False,-200.0,False,62.914
DQN_potential_based_seed456,DQN,potential_based,456,367,73400,200,-199.0594,-200.0,False,-200.0,False,63.088
DQN_potential_based_seed456,DQN,potential_based,456,368,73600,200,-199.1579,-200.0,False,-200.0,False,63.275
DQN_potential_based_seed456,DQN,potential_based,456,369,73800,200,-199.1314,-200.0,False,-200.0,False,63.491
DQN_potential_based_seed456,DQN,potential_based,456,370,74000,200,-198.9389,-200.0,False,-200.0,False,63.648
DQN_potential_based_seed456,DQN,potential_based,456,371,74200,200,-198.8895,-200.0,False,-200.0,False,63.828
DQN_potential_based_seed456,DQN,potential_based,456,372,74400,200,-199.0066,-200.0,False,-200.0,False,64.029
DQN_potential_based_seed456,DQN,potential_based,456,373,74600,200,-198.8317,-200.0,False,-200.0,False,64.217
DQN_potential_based_seed456,DQN,potential_based,456,374,74800,200,-198.9463,-200.0,False,-200.0,False,64.498
DQN_potential_based_seed456,DQN,potential_based,456,375,75000,200,-199.0637,-200.0,False,-200.0,False,64.723
DQN_potential_based_seed456,DQN,potential_based,456,376,75200,200,-198.8872,-200.0,False,-200.0,False,64.881
DQN_potential_based_seed456,DQN,potential_based,456,377,75400,200,-199.0779,-200.0,False,-200.0,False,65.074
DQN_potential_based_seed456,DQN,potential_based,456,378,75600,200,-199.0033,-200.0,False,-200.0,False,65.249
DQN_potential_based_seed456,DQN,potential_based,456,379,75800,200,-198.9489,-200.0,False,-200.0,False,65.444
DQN_potential_based_seed456,DQN,potential_based,456,380,76000,200,-198.9242,-200.0,False,-200.0,False,65.628
DQN_potential_based_seed456,DQN,potential_based,456,381,76200,200,-198.7892,-200.0,False,-200.0,False,65.793
DQN_potential_based_seed456,DQN,potential_based,456,382,76400,200,-199.1052,-200.0,False,-200.0,False,65.96
DQN_potential_based_seed456,DQN,potential_based,456,383,76600,200,-199.0154,-200.0,False,-200.0,False,66.164
DQN_potential_based_seed456,DQN,potential_based,456,384,76800,200,-198.9406,-200.0,False,-200.0,False,66.387
DQN_potential_based_seed456,DQN,potential_based,456,385,77000,200,-199.1106,-200.0,False,-200.0,False,66.599
DQN_potential_based_seed456,DQN,potential_based,456,386,77200,200,-199.0439,-200.0,False,-200.0,False,66.783
DQN_potential_based_seed456,DQN,potential_based,456,387,77400,200,-198.941,-200.0,False,-200.0,False,66.973
DQN_potential_based_seed456,DQN,potential_based,456,388,77600,200,-199.0028,-200.0,False,-200.0,False,67.124
DQN_potential_based_seed456,DQN,potential_based,456,389,77800,200,-198.8968,-200.0,False,-200.0,False,67.244
DQN_potential_based_seed456,DQN,potential_based,456,390,78000,200,-198.9254,-200.0,False,-200.0,False,67.399
DQN_potential_based_seed456,DQN,potential_based,456,391,78200,200,-199.1019,-200.0,False,-200.0,False,67.526
DQN_potential_based_seed456,DQN,potential_based,456,392,78400,200,-198.9526,-200.0,False,-200.0,False,67.646
DQN_potential_based_seed456,DQN,potential_based,456,393,78600,200,-198.8783,-200.0,False,-200.0,False,67.838
DQN_potential_based_seed456,DQN,potential_based,456,394,78800,200,-198.8838,-200.0,False,-200.0,False,67.996
DQN_potential_based_seed456,DQN,potential_based,456,395,79000,200,-198.8843,-200.0,False,-200.0,False,68.184
DQN_potential_based_seed456,DQN,potential_based,456,396,79200,200,-199.1508,-200.0,False,-200.0,False,68.382
DQN_potential_based_seed456,DQN,potential_based,456,397,79400,200,-199.0686,-200.0,False,-200.0,False,68.558
DQN_potential_based_seed456,DQN,potential_based,456,398,79600,200,-198.92,-200.0,False,-200.0,False,68.757
DQN_potential_based_seed456,DQN,potential_based,456,399,79800,200,-199.2218,-200.0,False,-200.0,False,68.921
DQN_potential_based_seed456,DQN,potential_based,456,400,80000,200,-199.2267,-200.0,False,-200.0,False,69.069
DQN_potential_based_seed456,DQN,potential_based,456,401,80200,200,-198.855,-200.0,False,-200.0,False,69.383
DQN_potential_based_seed456,DQN,potential_based,456,402,80400,200,-199.0154,-200.0,False,-200.0,False,69.603
DQN_potential_based_seed456,DQN,potential_based,456,403,80600,200,-199.0841,-200.0,False,-200.0,False,69.786
DQN_potential_based_seed456,DQN,potential_based,456,404,80800,200,-198.8924,-200.0,False,-200.0,False,70.033
DQN_potential_based_seed456,DQN,potential_based,456,405,81000,200,-199.0994,-200.0,False,-200.0,False,70.342
DQN_potential_based_seed456,DQN,potential_based,456,406,81200,200,-199.331,-200.0,False,-200.0,False,70.566
DQN_potential_based_seed456,DQN,potential_based,456,407,81400,200,-198.953,-200.0,False,-200.0,False,70.682
DQN_potential_based_seed456,DQN,potential_based,456,408,81600,200,-198.9192,-200.0,False,-200.0,False,70.837
DQN_potential_based_seed456,DQN,potential_based,456,409,81800,200,-198.8016,-200.0,False,-200.0,False,70.943
DQN_potential_based_seed456,DQN,potential_based,456,410,82000,200,-198.8716,-200.0,False,-200.0,False,71.082
DQN_potential_based_seed456,DQN,potential_based,456,411,82200,200,-199.0232,-200.0,False,-200.0,False,71.271
DQN_potential_based_seed456,DQN,potential_based,456,412,82400,200,-198.911,-200.0,False,-200.0,False,71.378
DQN_potential_based_seed456,DQN,potential_based,456,413,82600,200,-198.791,-200.0,False,-200.0,False,71.485
DQN_potential_based_seed456,DQN,potential_based,456,414,82800,200,-198.9903,-200.0,False,-200.0,False,71.617
DQN_potential_based_seed456,DQN,potential_based,456,415,83000,200,-198.8791,-200.0,False,-200.0,False,71.714
DQN_potential_based_seed456,DQN,potential_based,456,416,83200,200,-198.8215,-200.0,False,-200.0,False,71.814
DQN_potential_based_seed456,DQN,potential_based,456,417,83400,200,-199.0863,-200.0,False,-200.0,False,71.927
DQN_potential_based_seed456,DQN,potential_based,456,418,83600,200,-199.191,-200.0,False,-200.0,False,72.077
DQN_potential_based_seed456,DQN,potential_based,456,419,83800,200,-198.9646,-200.0,False,-200.0,False,72.18
DQN_potential_based_seed456,DQN,potential_based,456,420,84000,200,-199.155,-200.0,False,-200.0,False,72.335
DQN_potential_based_seed456,DQN,potential_based,456,421,84200,200,-198.9362,-200.0,False,-200.0,False,72.485
DQN_potential_based_seed456,DQN,potential_based,456,422,84400,200,-198.8906,-200.0,False,-200.0,False,72.717
DQN_potential_based_seed456,DQN,potential_based,456,423,84600,200,-198.9209,-200.0,False,-200.0,False,72.904
DQN_potential_based_seed456,DQN,potential_based,456,424,84800,200,-199.0319,-200.0,False,-200.0,False,73.012
DQN_potential_based_seed456,DQN,potential_based,456,425,85000,200,-198.8191,-200.0,False,-200.0,False,73.127
DQN_potential_based_seed456,DQN,potential_based,456,426,85200,200,-198.8851,-200.0,False,-200.0,False,73.25
DQN_potential_based_seed456,DQN,potential_based,456,427,85400,200,-198.9244,-200.0,False,-200.0,False,73.379
DQN_potential_based_seed456,DQN,potential_based,456,428,85600,200,-198.9427,-200.0,False,-200.0,False,73.512
DQN_potential_based_seed456,DQN,potential_based,456,429,85800,200,-198.8966,-200.0,False,-200.0,False,73.649
DQN_potential_based_seed456,DQN,potential_based,456,430,86000,200,-199.0276,-200.0,False,-200.0,False,73.801
DQN_potential_based_seed456,DQN,potential_based,456,431,86200,200,-198.9105,-200.0,False,-200.0,False,73.947
DQN_potential_based_seed456,DQN,potential_based,456,432,86400,200,-199.0055,-200.0,False,-200.0,False,74.085
DQN_potential_based_seed456,DQN,potential_based,456,433,86600,200,-199.0894,-200.0,False,-200.0,False,74.203
DQN_potential_based_seed456,DQN,potential_based,456,434,86800,200,-198.9768,-200.0,False,-200.0,False,74.33
DQN_potential_based_seed456,DQN,potential_based,456,435,87000,200,-199.0231,-200.0,False,-200.0,False,74.452
DQN_potential_based_seed456,DQN,potential_based,456,436,87200,200,-199.1625,-200.0,False,-200.0,False,74.606
DQN_potential_based_seed456,DQN,potential_based,456,437,87400,200,-198.8436,-200.0,False,-200.0,False,74.722
DQN_potential_based_seed456,DQN,potential_based,456,438,87600,200,-198.9993,-200.0,False,-200.0,False,74.865
DQN_potential_based_seed456,DQN,potential_based,456,439,87800,200,-198.7332,-200.0,False,-200.0,False,75.004
DQN_potential_based_seed456,DQN,potential_based,456,440,88000,200,-199.0588,-200.0,False,-200.0,False,75.154
DQN_potential_based_seed456,DQN,potential_based,456,441,88200,200,-199.0083,-200.0,False,-200.0,False,75.301
DQN_potential_based_seed456,DQN,potential_based,456,442,88400,200,-198.9542,-200.0,False,-200.0,False,75.442
DQN_potential_based_seed456,DQN,potential_based,456,443,88600,200,-199.0803,-200.0,False,-200.0,False,75.556
DQN_potential_based_seed456,DQN,potential_based,456,444,88800,200,-199.102,-200.0,False,-200.0,False,75.71
DQN_potential_based_seed456,DQN,potential_based,456,445,89000,200,-198.86,-200.0,False,-200.0,False,75.842
DQN_potential_based_seed456,DQN,potential_based,456,446,89200,200,-198.9704,-200.0,False,-200.0,False,75.973
DQN_potential_based_seed456,DQN,potential_based,456,447,89400,200,-199.2501,-200.0,False,-200.0,False,76.107
DQN_potential_based_seed456,DQN,potential_based,456,448,89600,200,-198.7279,-200.0,False,-200.0,False,76.312
DQN_potential_based_seed456,DQN,potential_based,456,449,89800,200,-198.8785,-200.0,False,-200.0,False,76.515
DQN_potential_based_seed456,DQN,potential_based,456,450,90000,200,-199.0353,-200.0,False,-200.0,False,76.642
DQN_potential_based_seed456,DQN,potential_based,456,451,90200,200,-199.0932,-200.0,False,-200.0,False,76.922
DQN_potential_based_seed456,DQN,potential_based,456,452,90400,200,-198.9884,-200.0,False,-200.0,False,77.115
DQN_potential_based_seed456,DQN,potential_based,456,453,90600,200,-199.1762,-200.0,False,-200.0,False,77.363
DQN_potential_based_seed456,DQN,potential_based,456,454,90800,200,-199.061,-200.0,False,-200.0,False,77.636
DQN_potential_based_seed456,DQN,potential_based,456,455,91000,200,-198.9599,-200.0,False,-200.0,False,78.003
DQN_potential_based_seed456,DQN,potential_based,456,456,91200,200,-198.9405,-200.0,False,-200.0,False,78.212
DQN_potential_based_seed456,DQN,potential_based,456,457,91400,200,-199.2063,-200.0,False,-200.0,False,78.352
DQN_potential_based_seed456,DQN,potential_based,456,458,91600,200,-198.9226,-200.0,False,-200.0,False,78.498
DQN_potential_based_seed456,DQN,potential_based,456,459,91800,200,-199.0158,-200.0,False,-200.0,False,78.662
DQN_potential_based_seed456,DQN,potential_based,456,460,92000,200,-198.8935,-200.0,False,-200.0,False,78.813
DQN_potential_based_seed456,DQN,potential_based,456,461,92200,200,-199.0391,-200.0,False,-200.0,False,78.947
DQN_potential_based_seed456,DQN,potential_based,456,462,92400,200,-199.0136,-200.0,False,-200.0,False,79.092
DQN_potential_based_seed456,DQN,potential_based,456,463,92600,200,-198.8134,-200.0,False,-200.0,False,79.278
DQN_potential_based_seed456,DQN,potential_based,456,464,92800,200,-199.0194,-200.0,False,-200.0,False,79.484
DQN_potential_based_seed456,DQN,potential_based,456,465,93000,200,-199.0557,-200.0,False,-200.0,False,79.63
DQN_potential_based_seed456,DQN,potential_based,456,466,93200,200,-198.9539,-200.0,False,-200.0,False,79.803
DQN_potential_based_seed456,DQN,potential_based,456,467,93400,200,-198.8803,-200.0,False,-200.0,False,79.967
DQN_potential_based_seed456,DQN,potential_based,456,468,93600,200,-199.0254,-200.0,False,-200.0,False,80.104
DQN_potential_based_seed456,DQN,potential_based,456,469,93800,200,-198.9877,-200.0,False,-200.0,False,80.274
DQN_potential_based_seed456,DQN,potential_based,456,470,94000,200,-199.139,-200.0,False,-200.0,False,80.375
DQN_potential_based_seed456,DQN,potential_based,456,471,94200,200,-199.0966,-200.0,False,-200.0,False,80.504
DQN_potential_based_seed456,DQN,potential_based,456,472,94400,200,-198.9673,-200.0,False,-200.0,False,80.624
DQN_potential_based_seed456,DQN,potential_based,456,473,94600,200,-198.8493,-200.0,False,-200.0,False,80.776
DQN_potential_based_seed456,DQN,potential_based,456,474,94800,200,-199.0017,-200.0,False,-200.0,False,80.908
DQN_potential_based_seed456,DQN,potential_based,456,475,95000,200,-199.0305,-200.0,False,-200.0,False,81.025
DQN_potential_based_seed456,DQN,potential_based,456,476,95200,200,-199.1201,-200.0,False,-200.0,False,81.319
DQN_potential_based_seed456,DQN,potential_based,456,477,95400,200,-198.9557,-200.0,False,-200.0,False,81.548
DQN_potential_based_seed456,DQN,potential_based,456,478,95600,200,-198.7947,-200.0,False,-200.0,False,81.782
DQN_potential_based_seed456,DQN,potential_based,456,479,95800,200,-198.842,-200.0,False,-200.0,False,81.983
DQN_potential_based_seed456,DQN,potential_based,456,480,96000,200,-198.852,-200.0,False,-200.0,False,82.194
DQN_potential_based_seed456,DQN,potential_based,456,481,96200,200,-198.9517,-200.0,False,-200.0,False,82.401
DQN_potential_based_seed456,DQN,potential_based,456,482,96400,200,-198.9216,-200.0,False,-200.0,False,82.63
DQN_potential_based_seed456,DQN,potential_based,456,483,96600,200,-199.074,-200.0,False,-200.0,False,82.819
DQN_potential_based_seed456,DQN,potential_based,456,484,96800,200,-199.1426,-200.0,False,-200.0,False,83.005
DQN_potential_based_seed456,DQN,potential_based,456,485,97000,200,-198.9181,-200.0,False,-200.0,False,83.195
DQN_potential_based_seed456,DQN,potential_based,456,486,97200,200,-199.067,-200.0,False,-200.0,False,83.383
DQN_potential_based_seed456,DQN,potential_based,456,487,97400,200,-198.8909,-200.0,False,-200.0,False,83.552
DQN_potential_based_seed456,DQN,potential_based,456,488,97600,200,-199.194,-200.0,False,-200.0,False,83.754
DQN_potential_based_seed456,DQN,potential_based,456,489,97800,200,-198.8962,-200.0,False,-200.0,False,83.871
DQN_potential_based_seed456,DQN,potential_based,456,490,98000,200,-198.7331,-200.0,False,-200.0,False,83.977
DQN_potential_based_seed456,DQN,potential_based,456,491,98200,200,-199.0175,-200.0,False,-200.0,False,84.075
DQN_potential_based_seed456,DQN,potential_based,456,492,98400,200,-199.0284,-200.0,False,-200.0,False,84.208
DQN_potential_based_seed456,DQN,potential_based,456,493,98600,200,-198.9901,-200.0,False,-200.0,False,84.343
DQN_potential_based_seed456,DQN,potential_based,456,494,98800,200,-198.868,-200.0,False,-200.0,False,84.471
DQN_potential_based_seed456,DQN,potential_based,456,495,99000,200,-198.9435,-200.0,False,-200.0,False,84.562
DQN_potential_based_seed456,DQN,potential_based,456,496,99200,200,-198.9223,-200.0,False,-200.0,False,84.762
DQN_potential_based_seed456,DQN,potential_based,456,497,99400,200,-199.0762,-200.0,False,-200.0,False,84.975
DQN_potential_based_seed456,DQN,potential_based,456,498,99600,200,-198.8456,-200.0,False,-200.0,False,85.117
DQN_potential_based_seed456,DQN,potential_based,456,499,99800,200,-199.0617,-200.0,False,-200.0,False,85.279
DQN_potential_based_seed456,DQN,potential_based,456,500,100000,200,-199.0624,-200.0,False,-200.0,False,85.461
